node,community,researcher
100,0,Ana Teresa de Castro Martins
1007,0,Luciano Reis Coutinho
1009,0,Luciano Vieira de Araújo
1025,0,Luis Jorge Enrique Rivero Cabrejos
1063,0,Manoel Gomes de Mendonça Neto
1068,0,Marcel Parolin Jackowski
1073,0,Marcello Goulart Teixeira
1076,0,Marcelo Bezerra d'Amorim
1081,0,Marcelo Finger
1082,0,Marcelo Fornazin
1085,0,Marcelo Gomes de Queiroz
1089,0,Marcelo Medeiros Eler
1090,0,Marcelo Morandini
1097,0,Marcelo de Almeida Maia
11,0,Adolfo Almeida Duran
1110,0,Marco Antônio Pinheiro de Cristo
1112,0,Marco Aurélio Gerosa
1113,0,Marco Aurélio Graciotto Silva
1116,0,Marco Tulio de Oliveira Valente
1127,0,Marcos Kalinowski
1128,0,Marcos Lordello Chaim
1132,0,Marcos dos Santos
1134,0,Marcus Vinicius Soledade Poggi de Aragao
1137,0,Maria Augusta Silveira Netto Nunes
114,0,Andre Cavalcante Hora
1146,0,Maria Istela Cagnin
1168,0,Marislei Nishijima
1171,0,Mariza Andrade da Silva Bigonha
1175,0,Markus Endler
1191,0,Mauro Antonio Rincon
1195,0,Maurício Ronny de Almeida Souza
12,0,Adriana Cesário de Faria Alvim
1200,0,Melina Mongiovi
1202,0,Methanias Colaço Júnior
1216,0,Monalessa Perini Barcellos
1228,0,Márcio Eduardo Delamaro
1232,0,Márcio de Medeiros Ribeiro
1233,0,Márcio de Oliveira Barros
1234,0,Mário Antonio Meireles Teixeira
1244,0,Natasha Malveira Costa Valentim
125,0,Andreia Malucelli
1258,0,Noemi de La Rocque Rodriguez
1264,0,Olacir Rodrigues Castro Junior
1288,0,Paulo Afonso Parreira Júnior
1300,0,Paulo Henrique Monteiro Borba
1311,0,Paulo Roberto Miranda Meirelles
1317,0,Paulo Sérgio Lopes de Souza
1325,0,Pedro Luiz Pizzigatti Corrêa
1333,0,Plinio de Sa Leitao Junior
1348,0,Rafael Giusti
1353,0,Rafael Oliveira Vasconcelos
1356,0,Rafael Prikladnicki
1359,0,Rafael Serapilha Durelli
1369,0,Raimundo da Silva Barreto
1387,0,Reginaldo Ré
1398,0,Renata Pontin de Mattos Fortes
1405,0,Renato Balancieri
1416,0,Renato de Freitas Bulcão Neto
1443,0,Ricardo Terra Nunes Bueno Villela
145,0,André Luís Andrade Menolli
1455,0,Roberta de Souza Coelho
1457,0,Roberto Almeida Bittencourt
1460,0,Roberto Ierusalimschy
1466,0,Roberto Souto Maior de Barros
1479,0,Rodrigo Bonifacio de Almeida
1483,0,Rodrigo Clemente Thom de Souza
1491,0,Rodrigo Oliveira Spínola
1492,0,Rodrigo Pereira dos Santos
1503,0,Rogério Aparecido Gonçalves
1507,0,Rohit Gheyi
151,0,André Pimenta Freire
1528,0,Rosiane de Freitas Rodrigues
1538,0,Rudinei Goularte
1543,0,Sabrina de Figueiredo Souto
1544,0,Sabrina dos Santos Marczak
1549,0,Samyr Beliche Vale
1560,0,Sarita Mazzini Bruschi
1570,0,Sergio Castelo Branco Soares
1575,0,Sheila dos Santos Reinehr
1580,0,Silvana Bocanegra
1581,0,Silvana Rossetto
1583,0,Silvia Regina Vergilio
1586,0,Silvio Romero de Lemos Meira
1591,0,Simone Diniz Junqueira Barbosa
1594,0,Simone do Rocio Senger de Souza
1597,0,Solange Nice Alves de Souza
1605,0,Sérgio Colcher
1622,0,Tayana Uchôa Conte
1627,0,Thais Helena Chaves de Castro
1632,0,Thelma Elita Colanzi
1635,0,Thiago Alves Rocha
1649,0,Tiago Bonini Borchartt
1658,0,Tiago Silva da Silva
1666,0,Uira Kulesza
1671,0,Valdemar Vicente Graciano Neto
1677,0,Valter Vieira de Camargo
1681,0,Vander Ramos Alves
1689,0,Vaninha Vieira dos Santos
1692,0,Vicente Ferreira de Lucena Junior
1695,0,Victor Hugo Santiago Costa Pinto
1697,0,Victor Travassos Sarinho
1700,0,Vinicius Cardoso Garcia
1708,0,Vinícius Humberto Serapilha Durelli
1719,0,Vítor Estêvão Silva Souza
1721,0,Wagner Machado Nunan Zola
1724,0,Waldemar Celes Filho
1733,0,Wesley Klewerton Guêz Assunção
187,0,Ariane Machado Lima
188,0,Ariel Soares Teles
189,0,Arilo Claudio Dias Neto
201,0,Auri Marcelo Rizzo Vincenzi
202,0,Aurora Trinidad Ramirez Pozo
204,0,Avelino Francisco Zorzo
205,0,Awdren de Lima Fontão
207,0,Baldoino Fonseca dos Santos Neto
212,0,Breno Alexandro Ferreira de Miranda
213,0,Breno Bernard Nicolau de França
214,0,Bruna Diirr Gonçalves da Silva
217,0,Bruno Barbieri de Pontes Cafeo
22,0,Afonso Henrique Corrêa de Sales
221,0,Bruno Freitas Gadelha
240,0,Carina Frota Alves
249,0,Carlo Marcelo Revoredo da Silva
25,0,Ahmed Ali Abdalla Esmin
252,0,Carlos Alberto Rodrigues
268,0,Carlos José Pereira de Lucena
270,0,Carlos Maurício Seródio Figueiredo
277,0,Carlos de Salles Soares Neto
284,0,Cecília Mary Fischer Rubira
288,0,Celso Gonçalves Camilo Junior
292,0,Cesar Augusto Fonticielha De Rose
300,0,Christina von Flach Garcia Chavez
306,0,Clarisse Sieckenius de Souza
312,0,Claudia Maria Lima Werner
313,0,Claudia Pinto Pereira
324,0,Cleidson Ronald Botelho de Souza
331,0,Cláudio Nogueira Sant`Anna
336,0,Credine Silva de Menezes
35,0,Alberto Barbosa Raposo
350,0,Cássio Leonardo Rodrigues
359,0,Daltro José Nunes
367,0,Daniel Gregorio Alfaro Vigo
394,0,Davi Viana dos Santos
397,0,Davidson Cury
404,0,Denilson Alves Pereira
427,0,Diodomiro Baldomero Luque Carcasi
438,0,Débora Maria Barroso Paiva
450,0,Edmir Parada Vasques Prado
454,0,Edna Dias Canedo
456,0,Edson Alves de Oliveira Junior
472,0,Eduardo Figueiredo
474,0,Eduardo Freire Nakamura
475,0,Eduardo James Pereira Souto
479,0,Eduardo Luzeiro Feitosa
48,0,Alessandra Alaniz Macedo
483,0,Eduardo Santana de Almeida
49,0,Alessandro Fabricio Garcia
495,0,Elder José Reioli Cirilo
498,0,Eliane Martins
5,0,Adenilso da Silva Simão
502,0,Elisa Yumi Nakagawa
504,0,Ellen Francine Barbosa
533,0,Eulanda Miranda dos Santos
54,0,Alexandre Alvaro
544,0,Fabiano Cutigi Ferrari
549,0,Fabio Kon
554,0,Fabiola Guerra Nakamura
581,0,Fernando José Castor de Lima Filho
597,0,Flavio Soares Correa da Silva
601,0,Flávio Eduardo Aoki Horita
619,0,Francisco José da Silva e Silva
627,0,Frank José Affonso
632,0,Frederico Araujo Durão
635,0,Fábio Fagundes Silveira
644,0,Fátima de Lourdes dos Santos Nunes Marques
653,0,Genaina Nunes Rodrigues
670,0,Giancarlo Guizzardi
682,0,Gislaine Camila Lapasini Leal
689,0,Gleison dos Santos Souza
694,0,Guilherme Amaral Avelino
696,0,Guilherme Horta Travassos
707,0,Gustavo Henrique Lima Pinto
72,0,Alfredo Goldman vel Lejbman
721,0,Heitor Augustus Xavier Costa
726,0,Helio Côrtes Vieira Lopes
73,0,Aline Maria Malachini Miotto Amaral
734,0,Henrique Emanuel Mostaert Rebêlo
740,0,Horacio Antonio Braga Fernandes de Oliveira
752,0,Igor Fabio Steinmacher
755,0,Igor Scaliante Wiese
757,0,Ingrid Oliveira de Nunes
771,0,Ivan do Carmo Machado
773,0,Ivanilton Polato
793,0,Jean-Pierre Briot
8,0,Adilson Luiz Bonifácio
806,0,Joao Fernando Lima Alcântara
817,0,Jones Oliveira de Albuquerque
822,0,Jorge Luis Nicolas Audy
827,0,Jose Carlos Maldonado
839,0,José Amancio Macedo Santos
842,0,José Augusto Baranauskas
85,0,Amaury Alvarez Cruz
851,0,José Francisco de Magalhães Netto
857,0,José Reginaldo Hughes Carvalho
863,0,João Batista da Rocha Junior
865,0,João Carlos da Silva
874,0,João Paulo Andrade Almeida
881,0,João Porto de Albuquerque
885,0,Juan Gabriel Colonna
926,0,Kiev Santos da Gama
932,0,Larissa Rocha Soares Bastos
968,0,Leonardo Montecchi
974,0,Leopoldo Motta Teixeira
984,0,Lina Garcés
99,0,Ana Regina Cavalcanti da Rocha
992,0,Lucas Carvalho Cordeiro
997,0,Luciana Aparecida Martinez Zaina
1,1,Abilio Pereira de Lucena Filho
101,1,Anand Subramanian
1013,1,Lucidio dos Anjos Formiga Cabral
1017,1,Luidi Gelabert Simonetti
1019,1,Luis Antonio Brasil Kowada
1023,1,Luis Felipe Magalhães de Moraes
1030,1,Luiz Augusto Matos da Silva
1039,1,Luiz Fernando Rust da Costa Carmo
1045,1,Luiz Henrique de Campos Merschmann
1048,1,Luiz Satoru Ochi
1050,1,Luís Felipe Ignácio Cunha
1058,1,Lúcia Maria de Assumpção Drummond
106,1,Anderson Fabiano Batista Ferreira da Costa
1061,1,Manoel Bezerra Campêlo Neto
1064,1,Manoel Limeira de Lima Júnior
108,1,Anderson Fernandes Pereira dos Santos
1080,1,Marcelo Ferreira Moreno
1099,1,Marcia Helena Costa Fampa
1106,1,Marcio Seiji Oyamada
1108,1,Marco Antonio Moreira de Carvalho
1117,1,Marcone Jamilson Freitas Souza
1131,1,Marcos de Oliveira Lage Ferreira
1140,1,Maria Claudia Reis Cavalcanti
1143,1,Maria Cristina Silva Boeres
1162,1,Marina Esther Groshaus
1178,1,Marta Lima de Queiros Mattoso
1189,1,Mauricio Kischinhevsky
119,1,Andre Luís Vignatti
1210,1,Milton Brown Do Coutto Filho
1213,1,Mitre Costa Dourado
1221,1,Murilo Vicente Gonçalves da Silva
1224,1,Márcia Rodrigues Cappelle
1247,1,Nelio Alessandro Azevedo Cacho
1252,1,Nelson Maculan Filho
1256,1,Nivan Roberto Ferreira Júnior
1296,1,Paulo Fernando Ferreira Rosa
1319,1,Paulo de Figueiredo Pires
1323,1,Pedro Henrique González Silva
1336,1,Priscila Machado Vieira Lima
1338,1,Puca Huachi Vaz Penna
1341,1,Rafael Augusto de Melo
1342,1,Rafael Castro de Andrade
1364,1,Rafaelli de Carvalho Coutinho
1372,1,Raphael Carlos Santos Machado
1376,1,Raquel Coelho Gomes Pinto
138,1,André Luiz Brandão
1391,1,Reinaldo Cézar de Morais Gomes
140,1,André Luiz Nasserala Pires
1408,1,Renato José da Silva Carmo
141,1,André Luiz Pires Guedes
1418,1,Rian Gabriel Santos Pinheiro
1427,1,Ricardo Choren Noya
1429,1,Ricardo Farias
1434,1,Ricardo Leiderman
1456,1,Roberto A Hexsel
150,1,André Maués Brabo Pereira
1508,1,Rommel Melgaço Barbosa
1516,1,Ronaldo Moreira Salles
1517,1,Ronaldo Ribeiro Goldschmidt
1521,1,Rosa Maria Meri Leão
1525,1,Rosangela Villwock
1530,1,Rostand Edson Oliveira Costa
1532,1,Ruan Delgado Gomes
1539,1,Rudini Menezes Sampaio
154,1,André Renato Sales Amaral
1551,1,Sanderson Lincohn Gonzaga de Oliveira
1567,1,Sebastián Alberto Urrutia
1588,1,Simone Aparecida Miloca
1589,1,Simone Bacellar Leal Ferreira
1593,1,Simone de Lima Martins
1603,1,Sulamita Klein
1624,1,Teobaldo Leite Bulhões Júnior
1628,1,Thais Vasconcelos Batista
1631,1,Thaís Gaudencio do Rêgo
1639,1,Thiago Ferreira de Noronha
1644,1,Thibaut Victor Gaston Vidal
1655,1,Tiago Maritan Ugulino de Araújo
1657,1,Tiago Pereira do Nascimento
1660,1,Tiago de Oliveira Januario
1663,1,Troy Costa Kohwalter
1665,1,Túlio Ângelo Machado Toffolo
1669,1,Uéverton dos Santos Souza
1675,1,Valmir Carneiro Barbosa
168,1,Anselmo Antunes Montenegro
1683,1,Vanessa Braganholo Murta
1693,1,Victor Almeida Campos
1701,1,Vinicius Fernandes dos Santos
1707,1,Vinícius Gusmão Pereira de Sá
1713,1,Vitor Barbosa Carlos de Souza
1715,1,Vivek Nigam
173,1,Antonio Augusto de Aragao Rocha
1746,1,Yuri Abitbol de Menezes Frota
200,1,Aura Conci
229,1,Bruno Petrato Bruck
230,1,Bruno Richard Schulze
259,1,Carlos Eduardo Pedreira
280,1,Carolina Gil Marcelino
283,1,Catarina de Souza Costa
286,1,Celina Miraglia Herrera de Figueiredo
290,1,Celso da Cruz Carneiro Ribeiro
301,1,Cicero Ferreira Fernandes Costa Filho
309,1,Claudia Linhares Sales
310,1,Claudia Marcela Justel
317,1,Claudio Luis de Amorim
319,1,Claudio Miceli de Farias
326,1,Clodis Boscarioli
342,1,Cristiano Arbex Valle
353,1,Célio Vinicius Neves de Albuquerque
362,1,Daniel Cardoso Moraes de Oliveira
376,1,Daniel Ratton Figueiredo
377,1,Daniel Sadoc Menasche
384,1,Daniela Gorski Trevisan
391,1,Daricelio Moreira Soares
398,1,Debora Christina Muchaluat Saade
410,1,Denis Silva da Silveira
413,1,Diane Castonguay
414,1,Diego Barreto Haddad
418,1,Diego Gimenez Passos
419,1,Diego Leonel Cadette Dutra
420,1,Diego Nunes Brandão
424,1,Dilson Lucas Pereira
434,1,Douglas de Oliveira Cardoso
440,1,Eanes Torres Pereira
451,1,Edmundo Albuquerque de Souza e Silva
468,1,Eduardo Bezerra da Silva
486,1,Eduardo Soares Ogasawara
525,1,Erika Morais Martins Coelho
530,1,Esteban Walter Gonzalez Clua
532,1,Eugene Francis Vinod Rebello
569,1,Felipe Maia Galvão França
570,1,Felipe Martins Müller
572,1,Felipe da Rocha Henriques
594,1,Flavia Cristina Bernardini
595,1,Flavio Luiz Seixas
599,1,Flávia Coimbra Delicato
615,1,Francisco Glaubos Nunes Clímaco
629,1,Franklin de Lima Marquezino
63,1,Alexandre Plastino de Carvalho
64,1,Alexandre Salles da Cunha
642,1,Fábio Protti
65,1,Alexandre Santos Brandão
651,1,Gabriela Moutinho de Souza Dias
662,1,Geraldo Regis Mauri
669,1,Gerson Zaverucha
672,1,Gilberto Farias de Sousa Filho
686,1,Glauco Fiorott Amorim
69,1,Alexandre de Assis Bento Lima
693,1,Guido Lemos de Souza Filho
7,1,Adiel Teixeira de Almeida Filho
711,1,Gustavo Paiva Guedes e Silva
718,1,Haroldo Gambini Santos
719,1,Hebert Coelho da Silva
736,1,Herman Martins Gomes
75,1,Aline Marins Paes Carvalho
753,1,Igor Machado Coelho
754,1,Igor Monteiro Moraes
756,1,Iguatemi Eduardo da Fonseca
762,1,Isabel Cristina Mello Rosseti
77,1,Alisson Vasconcelos de Brito
786,1,Jauvane Cavalcante de Oliveira
788,1,Jayme Luiz Szwarcfiter
814,1,Joel André Ferreira dos Santos
825,1,Jorge de Abreu Soares
836,1,Josefino Cabral MELO LIMA
847,1,José Eustáquio Rangel de Queiroz
859,1,José Viterbo Filho
860,1,João Antonio Recio da Paixão
875,1,João Paulo Gois
882,1,João Roberto de Toledo Quadros
895,1,Julio Cesar Duarte
898,1,Julio Cesar Stacchini de Souza
902,1,Julliano Rosa Nascimento
919,1,Kele Teixeira Belloze
92,1,Ana Karolinna Maia de Oliveira
933,1,Laura Costa Sarkis
934,1,Laura Silva de Assis
935,1,Laura Silvia Bahiense da Silva Leite
943,1,Leandro Augusto Frata Fernandes
952,1,Leandro Santiago de Araujo
967,1,Leonardo Gresta Paulino Murta
972,1,Leonardo Silva de Lima
973,1,Leonardo Vidal Batista
982,1,Lilian Markenzon
991,1,Loïc Pascal Gilles Cerf
998,1,Luciana Cardoso de Castro Salgado
1033,2,Luiz Chaimowicz
1035,2,Luiz Eduardo Buzato
1038,2,Luiz Fernando Bittencourt
104,2,Anderson Almeida Ferreira
1040,2,Luiz Filipe Menezes Vieira
1044,2,Luiz Henrique Andrade Correia
1067,2,Marcel Kenji de Carli Silva
1098,2,Marcelo de Paiva Guimarães
110,2,Anderson Rocha Tavares
1119,2,Marcos André Gonçalves
1121,2,Marcos Augusto Menezes Vieira
1135,2,Marcus Williams Aquino de Carvalho
116,2,Andre Gustavo dos Santos
1164,2,Mario Fernando Montenegro Campos
1179,2,Martin Alejandro Musicante
118,2,Andre Luiz Lins de Aquino
1180,2,Martín Gómez Ravetti
1203,2,Michel Melo da Silva
1206,2,Michele Nogueira Lima
1211,2,Mirella Moura Moro
1235,2,Mário Sérgio Ferreira Alvim Júnior
1245,2,Nazareno Ferreira de Andrade
1251,2,Nelson Luis Saldanha da Fonseca
1255,2,Nina Sumiko Tomita Hirata
1257,2,Nivio Ziviani
126,2,Andrey Elisio Monteiro Brito
1265,2,Olga Nikolaevna Goussevskaia
1269,2,Omar Paranaiba Vilela Neto
1307,2,Paulo Nazareno Maia Sampaio
131,2,André Costa Drummond
1327,2,Pedro Olmo Stancioli Vaz De Melo
1347,2,Rafael Francisco dos Santos
1352,2,Rafael Lopes Gomes
1358,2,Rafael Sachetto Oliveira
1374,2,Raquel Aparecida de Freitas Mini
1375,2,Raquel Cardoso de Melo Minardi
1377,2,Raquel Oliveira Prates
1378,2,Raquel Vigolvino Lopes
1379,2,Raquel da Silva Cabral
1381,2,Raul Fonseca Neto
14,2,Adriano Alonso Veloso
1403,2,Renato Antonio Celso Ferreira
1410,2,Renato Martins Assunção
143,2,André Luiz da Costa Carvalho
1440,2,Ricardo Pezzuol Jacobi
1448,2,Ricardo dos Santos Ferreira
1459,2,Roberto Hirata Junior
1470,2,Rodolfo Ipolito Meneguette
1481,2,Rodrigo Campiolo
1499,2,Rodrygo Luis Teodoro Santos
1511,2,Ronaldo Alves Ferreira
1531,2,Routo Terada
1542,2,Sabrina de Azevedo Silveira
1547,2,Salles Viana Gomes de Magalhaes
1554,2,Sandro Carvalho Izidoro
1562,2,Saul de Castro Leite
1564,2,Saulo Moraes Villela
1574,2,Sergio Vale Aguiar Campos
1633,2,Thelmo Pontes de Araujo
1637,2,Thiago Emmanuel Pereira da Cunha Silva
1640,2,Thiago Henrique Nogueira
1645,2,Thierson Couto Rosa
165,2,Anisio Mendes Lacerda
1668,2,Umberto Souza da Costa
17,2,Adriano Cesar Machado Pereira
1706,2,Vinícius Fernandes Soares Mota
171,2,Antonio Alfredo Ferreira Loureiro
1711,2,Vinícius da Fonseca Vieira
1712,2,Virgilio Augusto Fernandes Almeida
1722,2,Wagner Meira Junior
1728,2,Wandré Nunes de Pinho Veloso
195,2,Arthur de Miranda Neto
232,2,Bruno Yuji Lino Kimura
266,2,Carlos Henrique da Silveira
279,2,Carmem Satie Hara
281,2,Carolina Ribeiro Xavier
294,2,Cesar Augusto Viana Melo
328,2,Clodoveu Augusto Davis Junior
34,2,Alba Cristina Magalhães Alves de Melo
345,2,Cristiano Maciel da Silva
365,2,Daniel Fernandes Macedo
371,2,Daniel Ludovico Guidoni
372,2,Daniel Luiz Alves Madeira
373,2,Daniel Macêdo Batista
38,2,Alberto Henrique Frade Laender
409,2,Denis Lima do Rosário
41,2,Alcione de Paiva Oliveira
422,2,Diego Roberto Colombo Dias
430,2,Dorgival Olavo Guedes Neto
432,2,Douglas Guimarães Macharet
436,2,Dárlinton Barbosa Feres Carvalho
44,2,Aldri Luiz dos Santos
443,2,Edelberto Franco Silva
445,2,Edimilson Batista dos Santos
449,2,Edleno Silva de Moura
452,2,Edmundo Roberto Mauro Madeira
470,2,Eduardo Coelho Cerqueira
496,2,Eldman de Oliveira Nunes
51,2,Alex Borges Vieira
520,2,Eric Fernandes de Mello Araújo
523,2,Erickson Rangel do Nascimento
541,2,Fabiane da Silva Queiroz
55,2,Alexandre Bittencourt Pigozzo
551,2,Fabio Moreira Costa
553,2,Fabio Ribeiro Cerqueira
558,2,Fabrício Aguiar Silva
559,2,Fabrício Benevenuto de Souza
561,2,Fabrício Murai Ferreira
576,2,Fernanda Sumika Hojo de Souza
586,2,Fernando Menezes Matos
598,2,Flavio Vinicius Diniz de Figueiredo
605,2,Flávio Luiz Schiavoni
622,2,Francisco Vilar Brasileiro
639,2,Fábio Jorge Almeida Morais
643,2,Fátima de Lima Procópio Duarte Figueiredo
649,2,Gabriel de Morais Coutinho
655,2,George Luiz Medeiros Teodoro
661,2,Geraldo Pereira Rocha Filho
663,2,Geraldo Robson Mateus
673,2,Gilberto Medeiros Ribeiro
677,2,Giovani Bernardes Vitor
679,2,Giovanni Ventorim Comarela
680,2,Gisele Lobo Pappa
704,2,Gustavo Bittencourt Figueiredo
710,2,Gustavo Maciel Dias Vieira
712,2,Gustavo Pessin
720,2,Heder Soares Bernardino
723,2,Heitor Soares Ramos Filho
724,2,Helder May Nunes da Silva Oliveira
746,2,Humberto Torres Marques Neto
765,2,Islene Calciolari Garcia
767,2,Italo Fernando Scotá Cunha
81,2,Altigran Soares da Silva
811,2,Joaquim Celestino Júnior
829,2,Jose Marcos Silva Nogueira
833,2,Jose Remo Ferreira Brega
843,2,José Augusto Miranda Nacif
846,2,José Elias Claudio Arroyo
870,2,João Guilherme Maia de Menezes
888,2,Jugurta Lisboa Filho
891,2,Juliana Freitag Borin
897,2,Julio Cesar Soares dos Reis
905,2,Jussara Marques de Almeida
906,2,Jó Ueyama
942,2,Leandro Aparecido Villas
964,2,Leonardo Barbosa e Oliveira
965,2,Leonardo Castro Botega
966,2,Leonardo Chaves Dutra da Rocha
979,2,Li Weigang
98,2,Ana Paula Couto da Silva
986,2,Linnyer Beatrys Ruiz Aylon
1000,3,Luciana Porcher Nedel
1002,3,Luciana de Oliveira Berretta
1042,3,Luiz Gustavo Almeida Martins
1043,3,Luiz Gustavo Leão Fernandes
1051,3,Luís Paulo Faina Garcia
1066,3,Mara Abel
1087,3,Marcelo Keese Albertini
109,3,Anderson Maciel
1094,3,Marcelo Walter
1095,3,Marcelo Zanchetta do Nascimento
1105,3,Marcio Sarroglia Pinho
112,3,Anderson da Silva Soares
1124,3,Marcos Ennes Barreto
1138,3,Maria Camila Nardini Barioni
1155,3,Mariana Luderitz Kolberg
1165,3,Mario Lemes Proença Junior
1169,3,Maristela Oliveira dos Santos
1172,3,Mariá Cristina Vasconcelos Nascimento Rosset
1188,3,Mauricio Cunha Escarpinati
1198,3,Maycon Leone Maciel Peixoto
1209,3,Milene Selbach Silveira
1223,3,Márcia Aparecida Fernandes
1231,3,Márcio Porto Basgalupp
1246,3,Nei Yoshihiro Soma
1260,3,Nádia Félix Felipe da Silva
1270,3,Orides Morandin Junior
129,3,André Carlos Ponce de Leon Ferreira de Carvalho
1301,3,Paulo Henrique Pisani
1302,3,Paulo Henrique Ribeiro Gabriel
1306,3,Paulo Matias
1344,3,Rafael Dias Araújo
1349,3,Rafael Heitor Bordini
1355,3,Rafael Piccin Torchelsen
136,3,André Luis Debiaso Rossi
1361,3,Rafael Vidal Aroca
1386,3,Reginaldo Massanobu Kuroshu
1392,3,Renan Gonçalves Cattelan
1393,3,Renan de Queiroz Maffei
1400,3,Renata Vieira
1411,3,Renato Moraes Silva
1426,3,Ricardo Cerri
1450,3,Rita Maria da Silva Julia
1464,3,Roberto Santos Inoue
1472,3,Rodolfo Miranda de Barros
1477,3,Rodrigo Aparecido da Silva Braga
1480,3,Rodrigo Calvo
1482,3,Rodrigo Capobianco Guido
1484,3,Rodrigo Coelho Barros
1486,3,Rodrigo Duarte Seabra
1490,3,Rodrigo Maximiano Antunes de Almeida
1494,3,Rodrigo Sanches Miani
1501,3,Rogerio Lopes Salvini
1502,3,Rogéria Cristiane Gratão de Souza
1515,3,Ronaldo Martins da Costa
1527,3,Roseli Aparecida Francelin Romero
1548,3,Samuel Lourenço Nogueira
156,3,André Ricardo Backes
1576,3,Shigueo Nomura
1599,3,Soraia Raupp Musse
1602,3,Stéphane Julia
1604,3,Sylvio Barbon Júnior
1611,3,Sérgio Teixeira de Carvalho
1623,3,Telma Woerle de Lima Soares
1630,3,Thaína Aparecida Azevedo Tosta
1641,3,Thiago Lopes Trugillo da Silveira
1647,3,Tiago Agostinho de Almeida
1674,3,Valerio Rosset
1682,3,Vanderlei Bonato
1685,3,Vanessa Tavares de Oliveira Barros
1714,3,Vitor Valério de Souza Campos
1730,3,Wellington Santos Martins
184,3,Antônio Augusto Chaves
191,3,Arlindo Rodrigues Galvão Filho
20,3,Adriano Mauro Cansian
216,3,Bruno Augusto Nassif Travençolo
218,3,Bruno Bogaz Zarpelão
222,3,Bruno Guazzelli Batista
231,3,Bruno Tardiole Kuehne
245,3,Carla Maria Dal Sasso Freitas
265,3,Carlos Henrique Valério de Moraes
274,3,Carlos Roberto Lopes
275,3,Carlos Roberto Valêncio
285,3,Celia Aparecida Zorzo Barcelos
3,3,Ademir Aparecido Constantino
305,3,Cinthyan Renata Sachs Camerlengo de Barbosa
315,3,Claudio Fabiano Motta Toledo
33,3,Alan Salvany Felinto
332,3,Cláudio Rosito Jung
338,3,Cristhiane Gonçalves
360,3,Dalvan Jair Griebler
366,3,Daniel Gouveia Costa
390,3,Dante Augusto Couto Barone
392,3,Dario José Aloise
400,3,Deborah Silva Alves Fernandes
402,3,Deller James Ferreira
406,3,Denis Fernando Wolf
435,3,Duncan Dubugras Alcoba Ruiz
459,3,Edson Norberto Cáceres
461,3,Edson Prestes e Silva Júnior
480,3,Eduardo Marques
488,3,Edvard Martins de Oliveira
493,3,Elaine Ribeiro de Faria Paiva
529,3,Ernesto Julián Goldberg Birgin
53,3,Alex Sandro Roschildt Pinto
542,3,Fabiano Azevedo Dorça
563,3,Fabrízzio Alphonsus Alves de Melo Nunes Soares
565,3,Fabíola Souza Fernandes Pereira
57,3,Alexandre Carlos Brandao Ramos
571,3,Felipe Rech Meneguzzi
58,3,Alexandre Cláudio Botazzo Delbem
585,3,Fernando Marques Federson
587,3,Fernando Santos Osório
618,3,Francisco José Monaco
636,3,Fábio Francisco da Costa Fontes
647,3,Gabriel Haeser
659,3,Geraldo Francisco Donegá Zafalon
675,3,Gina Maira Barbosa de Oliveira
701,3,Guilherme Sousa Bastos
715,3,Gustavo Teodoro Laureano
732,3,Henrique Coelho Fernandes
741,3,Horacio Hideki Yanasse
742,3,Hugo Alexandre Dantas do Nascimento
744,3,Humberto José Longo
745,3,Humberto Luiz Razente
763,3,Isabel Harb Manssour
777,3,Jacob Scharcanski
778,3,Jacques Duílio Brancher
797,3,Jefferson Rodrigo de Souza
798,3,Jeremias Barbosa Machado
815,3,Joel Luis Carbonera
853,3,José Gustavo de Souza Paiva
878,3,João Paulo Reus Rodrigues Leite
89,3,Ana Carolina Lorena
9,3,Adler Diniz de Souza
908,3,Júlio Cezar Estrella
910,3,Kalinka Regina Lucas Jaquie Castelo Branco
920,3,Kelen Cristiane Teixeira Vivaldini
931,3,Landir Saviniec
937,3,Laurence Rodrigues do Amaral
939,3,Laércio Augusto Baldochi Júnior
941,3,Leandro Alves Neves
951,3,Leandro Nogueira Couto
962,3,Leonardo Andrade Ribeiro
975,3,Leslie Richard Foulds
977,3,Levi Henrique Santana de Lelis
1006,4,Luciano Rebouças de Oliveira
1008,4,Luciano Silva
103,4,Anatoli Iambartsev
1032,4,Luiz Carlos da Silva Rozante
1046,4,Luiz Maurílio da Silva Maciel
107,4,Anderson Faustino da Silva
1075,4,Marcelo Bernardes Vieira
1086,4,Marcelo Henriques de Carvalho
1111,4,Marco Aurelio Stefanes
1126,4,Marcos Gonçalves Quiles
113,4,Anderson de Rezende Rocha
1139,4,Maria Cecília Calani Baranauskas
1166,4,Mario Lúcio Côrtes
1184,4,Matheus Giovanni Pires
1194,4,Maurício Pamplona Segundo
1205,4,Michele Fúlvia Angelo
122,4,Andrea Gomes Campos Bianchi
1225,4,Márcia Rosana Cerioli
1249,4,Nelson Delfino d'Ávila Mascarenhas
1266,4,Olga Regina Pereira Bellon
1271,4,Orlando Lee
1289,4,Paulo André Vechiatto de Miranda
1295,4,Paulo Estevão Cruvinel
1322,4,Pedro Henrique Del Bianco Hokama
1324,4,Pedro Jussieu de Rezende
133,4,André Fujita
1330,4,Petr Iakovlevitch Ekel
1331,4,Phablo Fernando Soares Moura
1337,4,Priscila Tiemi Maeda Saito
1343,4,Rafael Crivellari Saliba Schouery
1373,4,Raphael Yokoingawa de Camargo
1421,4,Ricardo Augusto Rabelo Oliveira
1428,4,Ricardo Dahab
1431,4,Ricardo Guerra Marroquim
1441,4,Ricardo Ribeiro dos Santos
1444,4,Ricardo Zorzetto Nicoliello Vêncio
1445,4,Ricardo da Silva Torres
1447,4,Ricardo de Oliveira Anido
1462,4,Roberto Pereira
1465,4,Roberto Silvio Ubertino Rosso Junior
1471,4,Rodolfo Jardim de Azevedo
1478,4,Rodrigo Bonacin
1485,4,Rodrigo César Pedrosa Silva
1489,4,Rodrigo Luis de Souza da Silva
1495,4,Rodrigo Tripodi Calumby
1514,4,Ronaldo Fumio Hashimoto
1536,4,Rubisley de Paula Lemes
1546,4,Said Sadique Adi
1552,4,Sandra Eliza Fontes de Avila
1556,4,Sandro Rigo
1558,4,Santiago Valdés Ravelo
1561,4,Saul Emanuel Delabrida Silva
157,4,André Santanchè
1585,4,Silvio Jamil Ferzoli Guimarães
1595,4,Sinai Robins
1596,4,Siovani Cintra Felipussi
161,4,Angelo Amâncio Duarte
162,4,Angelo Conrado Loula
1680,4,Vander Luis de Souza Freitas
1704,4,Vinicius Tavares Petrucci
1716,4,Viviane Pereira Moreira
172,4,Antonio Augusto Medeiros Fröhlich
1737,4,William Robson Schwartz
1744,4,Yoshiharu Kohayakawa
1745,4,Yoshiko Wakabayashi
1748,4,Zanoni Dias
1749,4,Zenilton Kleber Gonçalves do Patrocínio Júnior
1753,4,Álvaro Luiz Fazenda
180,4,Antonio Lopes Apolinario Junior
185,4,Aparecido Nilceu Marana
192,4,Arnaldo Mandel
193,4,Arnaldo de Albuquerque Araújo
238,4,Candida Nunes da Silva
247,4,Carla Negri Lintzmayer
256,4,Carlos Augusto Paiva da Silva Martins
258,4,Carlos Eduardo Ferreira
29,4,Alan Kardek Rêgo Segundo
299,4,Christiane Neme Campos
30,4,Alan Mitchell Durham
303,4,Cid Carvalho de Souza
311,4,Claudia Maria Bauzer Medeiros
314,4,Claudio Esperança
32,4,Alan Robert Resende de Freitas
320,4,Claudio Nogueira de Meneses
334,4,Cléver Ricardo Guareis de Farias
347,4,Cristina Gomes Fernandes
363,4,Daniel Carlos Guimarães Pedronette
381,4,Daniel de Angelis Cordeiro
395,4,David Corrêa Martins Junior
396,4,David Menotti Gomes
407,4,Denis Gustavo Fantinato
408,4,Denis Henrique Pinheiro Salvadeo
423,4,Diego de Freitas Aranha
453,4,Edna Ayako Hoshino
457,4,Edson Borin
469,4,Eduardo Candido Xavier
477,4,Eduardo José da Silva Luz
494,4,Elbert Einstein Nehrer Macau
516,4,Emilio de Camargo Francesquini
531,4,Esther Luna Colombini
539,4,Ezequiel Roberto Zorzal
547,4,Fabio Augusto Faria
556,4,Fabricio Aparecido Breve
584,4,Fernando Magno Quintão Pereira
590,4,Ferrucio de Franco Rosa
60,4,Alexandre Luís Magalhães Levada
603,4,Flávio Keidi Miyazawa
614,4,Francisco Eloi Soares de Araujo
634,4,Fábio Augusto Menocci Cappabianco
637,4,Fábio Happ Botler
638,4,Fábio Henrique Viduani Martinez
640,4,Fábio Luiz Usberti
666,4,Gerberth Adín Ramírez Rivera
67,4,Alexandre Xavier Falcão
678,4,Giovani Gracioli
68,4,Alexandre da Silva Freire
683,4,Gladston Juliano Prates Moreira
692,4,Guido Costa Souza de Araújo
697,4,Guilherme Oliveira Mota
70,4,Alexandro José Baldassin
702,4,Guillermo Cámara Chávez
71,4,Alexei Manso Correa Machado
716,4,Haniel Moreira Barbosa
739,4,Hervé Cédric Yviquel
750,4,Hélio Pedrini
76,4,Aline Villavicencio
769,4,Ivan Rizzo Guilherme
779,4,Jacques Wainer
795,4,Jefersson Alex dos Santos
872,4,João Luiz Dihl Comba
876,4,João Paulo Papa
899,4,Julio Cesar dos Reis
900,4,Julio César López Hernández
903,4,Junior Barrera
904,4,Jurandy Gomes de Almeida Junior
915,4,Karl Philips Apaza Aguero
916,4,Karla Roberta Pereira Sampaio Lima
922,4,Kelly Rosa Braghetto
924,4,Kelton Augusto Pontara da Costa
936,4,Laura Sánchez García
953,4,Lehilton Lelis Chaves Pedrosa
963,4,Leonardo Bacelar Lima Santos
980,4,Liana Dessandre Duenha Garanhani
993,4,Lucas Ferrari de Oliveira
994,4,Lucas Francisco Wanner
1011,5,Luciano da Fontoura Costa
1024,5,Luis Gustavo Nonato
1047,5,Luiz Otavio Murta Junior
105,5,Anderson Chaves Carniel
1057,5,Lívia Souza Freire Grion
1070,5,Marcela Xavier Ribeiro
1083,5,Marcelo Garcia Manzato
1104,5,Marcio Fuzeto Gameiro
1122,5,Marcos Aurelio Domingues
1125,5,Marcos Evandro Cintra
1142,5,Maria Cristina Ferreira de Oliveira
1145,5,Maria Emília Machado Telles Walter
1151,5,Maria da Graca Campos Pimentel
1152,5,Maria das Graças Volpe Nunes
1154,5,Mariana Cúri
1159,5,Marilde Terezinha Prado Santos
1167,5,Mario Roberto Folhadela Benevides
1170,5,Maristela Terto de Holanda
1187,5,Mauricio Ayala Rincon
1214,5,Moacir Antonelli Ponti
1218,5,Murillo Guimarães Carneiro
1219,5,Murilo Coelho Naldi
1220,5,Murilo Francisco Tome
1222,5,Mylene Christine Queiroz de Farias
1239,5,Nalvo Franco de Almeida Junior
1261,5,Odemir Martinez Bruno
1272,5,Osame Kinouchi Filho
1287,5,Paula Christina Figueira Cardoso
1292,5,Paulo Aristarco Pagliosa
1294,5,Paulo Caetano da Silva
1371,5,Raoni Simões Ferreira
1383,5,Regina Célia Coelho
1406,5,Renato Bueno
1413,5,Renato Porfirio Ishii
1414,5,Renato Tinós
1420,5,Ricardo Araújo Rios
1433,5,Ricardo José Gabrielli Barreto Campello
1435,5,Ricardo Lopes de Queiroz
1436,5,Ricardo Marcondes Marcacini
1442,5,Ricardo Rodrigues Ciferri
1458,5,Roberto Federico Ausas
1461,5,Roberto Marcondes Cesar Junior
1468,5,Robson Leonardo Ferreira Cordeiro
148,5,André Magno Costa de Araujo
1487,5,Rodrigo Fernandes de Mello
1504,5,Rogério Eduardo Garcia
1512,5,Ronaldo Celso Messias Correia
1524,5,Rosane Minghim
1540,5,Ruy Alberto Pisani Altafim
1553,5,Sandra Maria Aluísio
1571,5,Sergio Lifschitz
1598,5,Solange Oliveira Rezende
1621,5,Tatiane Nogueira Rios
1626,5,Teófilo Emidio de Campos
1634,5,Thiago Alexandre Salgueiro Pardo
1638,5,Thiago Ferreira Covões
1643,5,Thiago de Paulo Faleiros
1656,5,Tiago Pereira da Silva
1670,5,Vagner Figueredo de Santana
1673,5,Valeria Cesario Times
1684,5,Vanessa Rolnik Artioli
1688,5,Vania Paula de Almeida Neris
1690,5,Veronica Oliveira de Carvalho
170,5,Antonio Adilton Oliveira Carneiro
1703,5,Vinicius Ruela Pereira Borges
1710,5,Vinícius Mourão Alves de Souza
1725,5,Wallace Correa de Oliveira Casaca
1727,5,Wanderley Lopes de Souza
1734,5,Wesley Nunes Gonçalves
174,5,Antonio Carlos Roque da Silva Filho
1750,5,Zhao Liang
178,5,Antonio Castelo Filho
225,5,Bruno Lopes Vieira
226,5,Bruno Luiggi Macchiavello Espinoza
227,5,Bruno Magalhães Nogueira
23,5,Afonso Paiva Neto
236,5,Caetano Traina Junior
237,5,Camilo Chang Dórea
24,5,Agma Juci Machado Traina
28,5,Alan Demétrius Baria Valejo
282,5,Cassio Machiaveli Oishi
295,5,Cesar Henrique Comin
329,5,Cláudia Nalon
346,5,Cristina Dutra de Aguiar
351,5,Cássio Vinicius Serafim Prazeres
352,5,Célia Ghedini Ralha
369,5,Daniel Lima Ventura
370,5,Daniel Lucrédio
382,5,Daniel dos Santos Kaster
385,5,Danilo Barbosa Coimbra
388,5,Danilo Medeiros Eler
417,5,Diego Furtado Silva
421,5,Diego Raphael Amancio
439,5,Díbio Leandro Borges
462,5,Edson Takashi Matsubara
465,5,Eduardo Alex Hernández Morales
490,5,Edward Hermann Haeusler
492,5,Elaine Parros Machado de Sousa
50,5,Aletéia Patrícia Favacho de Araújo
500,5,Elias Salomão Helou Neto
503,5,Elisa de Cássia Silva Rodrigues
519,5,Eraldo Luís Rezende Fernandes
534,5,Evandro Baccarin
535,5,Evandro Eduardo Seron Ruiz
562,5,Fabrício Simeoni de Sousa
564,5,Fabíola Gonçalves Pereira Greve
566,5,Farid Tari
567,5,Felipe Alves da Louza
588,5,Fernando Vieira Paulovich
608,5,Flávio de Barros Vidal
611,5,Francisco Aparecido Rodrigues
641,5,Fábio Marques Simões de Souza
66,5,Alexandre Souto Martinez
698,5,Guilherme Pimentel Telles
705,5,Gustavo Carlos Buscaglia
706,5,Gustavo Enrique de Almeida Prado Alves Batista
725,5,Helena de Medeiros Caseli
727,5,Heloisa de Arruda Camargo
730,5,Hemerson Pistori
738,5,Hermes Senger
749,5,Hélio Crestana Guardia
78,5,Alneu de Andrade Lopes
812,5,Joaquim Cezar Felipe
824,5,Jorge Stolfi
838,5,José Alberto Cuminato
849,5,José Fernando Rodrigues Júnior
873,5,João Luís Garcia Rosa
884,5,João do Espirito Santo Batista Neto
911,5,Kamila Rios da Hora Rodrigues
947,5,Leandro Franco de Souza
981,5,Lilian Berton
1028,6,Luiz Antonio Celiberto Junior
1029,6,Luiz Antonio Rodrigues
1036,6,Luiz Eduardo Galvão Martins
1053,6,Lyrene Fernandes da Silva
1069,6,Marcel Vinicius Medeiros Oliveira
1071,6,Marcelino Pereira dos Santos Silva
1077,6,Marcelo Costa Oliveira
1088,6,Marcelo Luiz Monteiro Marinho
1093,6,Marcelo Soares Pimenta
1096,6,Marcelo da Silva Hounsell
1100,6,Marcia Jacyntha Nunes Rodrigues Lucena
1120,6,Marcos Antonio de Oliveira
1147,6,Maria Lencastre Pinheiro de Menezes Cruz
120,6,Andre Luís de Medeiros Santos
1212,6,Mirko Barbosa Perkusich
1243,6,Natasha Correia Queiroz Lino
1267,6,Olival de Gusmão Freitas Júnior
1277,6,Patricia Cabral de Azevedo Restelli Tedesco
1281,6,Patrick Henrique da Silva Brito
1282,6,Patrícia Augustin Jaques Maillard
1286,6,Patrício de Alencar Silva
1298,6,Paulo Gabriel Gadelha Queiroz
1303,6,Paulo Jorge Leitao Adeodato
1310,6,Paulo Roberto Freire Cunha
1339,6,Péricles Barbosa Cunha de Miranda
1340,6,Rafael Andres Rosales Mitrowsky
1345,6,Rafael Dueire Lins
1346,6,Rafael Ferreira Leite de Mello
1362,6,Rafael de Amorim Silva
1370,6,Ranilson Oscar Araújo Paiva
1396,6,Renata Maria Cardoso Rodrigues de Souza
1425,6,Ricardo Bastos Cavalcante Prudencio
1449,6,Rinaldo José de Lima
1453,6,Roberta Andrade de Araujo Fagundes
1469,6,Robson do Nascimento Fidalgo
1523,6,Rosana Teresinha Vaccare Braga
1557,6,Sandro Ronaldo Bezerra Oliveira
1566,6,Sebastiao Emidio Alves Filho
1568,6,Seiji Isotani
1579,6,Sidney de Carvalho Nogueira
158,6,André Tavares da Silva
1590,6,Simone Cristiane dos Santos Lima
160,6,Andson Marreiros Balieiro
1613,6,Sílvio Roberto Fernandes de Araújo
1616,6,Taciana Pontual da Rocha Falcão
1629,6,Thales Miranda de Almeida Vieira
1636,6,Thiago Damasceno Cordeiro
164,6,Angélica Félix de Castro
1652,6,Tiago Figueiredo Vieira
1676,6,Valmir Macario Filho
1691,6,Veronica Teichrieb
1723,6,Wagner Tanaka Botelho
1741,6,Wylliams Barbosa Santos
1742,6,Xu Yang
1751,6,Álvaro Alvares de Carvalho César Sobrinho
1755,6,Ícaro Bezerra Queiroz de Araújo
198,6,Augusto Cezar Alves Sampaio
203,6,Avanilde Kemczinski
206,6,Aydano Pamponet Machado
209,6,Bernadette Farias Lóscio
215,6,Bruno Almeida Pimentel
234,6,Bruno de Sousa Monteiro
242,6,Carla Diacui Medeiros Berkenbrock
244,6,Carla Lopes Rodriguez
248,6,Carla Taciana Lima Lourenco Silva Schuenemann
255,6,Carlos André Guimarães Ferraz
264,6,Carlos Heitor Pereira Liberalino
302,6,Cicilia Raquel Maia Leite
31,6,Alan Pedro da Silva
322,6,Clauirton de Albuquerque Siebra
325,6,Cleyton Mário de Oliveira Rodrigues
344,6,Cristiano Coêlho de Araújo
357,6,Dalton Cézane Gomes Valadares
386,6,Danilo Freire de Souza Santos
399,6,Debora Maria Rossi de Medeiros
411,6,Denise Hideko Goya
416,6,Diego Dermeval Medeiros da Cunha Matos
425,6,Dilvan de Abreu Moreira
460,6,Edson Pinheiro Pimentel
47,6,Alencar Machado
491,6,Elaine Harada Teixeira de Oliveira
518,6,Enyo José Tavares Gonçalves
52,6,Alex Sandro Gomes
536,6,Evandro de Barros Costa
548,6,Fabio Jose Coutinho da Silva
552,6,Fabio Queda Bueno da Silva
555,6,Fabiola Pantoja Oliveira Araújo
557,6,Fabricio Olivetti de França
56,6,Alexandre Cabral Mota
575,6,Fernanda Maria Ribeiro de Alencar
589,6,Fernando da Fonseca de Souza
591,6,Filipe Carlos de Albuquerque Calegario
592,6,Filipe Rolim Cordeiro
600,6,Flávia de Almeida Barros
613,6,Francisco Chagas de Lima Júnior
62,6,Alexandre Marcos Lins de Vasconcelos
620,6,Francisco Milton Mendes Neto
624,6,Francisco de Assis Zampirolli
633,6,Frederico Luiz Gonçalves de Freitas
652,6,Geber Lisboa Ramalho
671,6,Gilberto Amado de Azevedo Cysneiros Filho
676,6,Giordano Ribeiro Eulalio Cabral
684,6,Glauber Jose Ferreira Tomaz da Silva
708,6,Gustavo Henrique Matos Bezerra Motta
709,6,Gustavo Henrique Porto de Carvalho
722,6,Heitor Judiss Savino
737,6,Hermano Perrelli de Moura
747,6,Hyggo Oliveira de Almeida
751,6,Ig Ibert Bittencourt Santana Pinto
761,6,Isaac de Lima Oliveira Filho
764,6,Isabela Gasparini
768,6,Itana Stiubiener
774,6,Ivo Augusto Andrade Rocha Calado
780,6,Jaelson Freire Brelaz de Castro
801,6,Jessyka Flavyanne Ferreira Vilela
804,6,Joao Carlos Damasceno Lima
835,6,Joseana Macêdo Fechine Régis de Araújo
837,6,Josivaldo de Souza Araújo
856,6,José Palazzo Moreira de Oliveira
879,6,João Paulo Silva do Monte Lima
88,6,Ana Carolina Brandao Salgado
890,6,Juliana Cristina Braga
894,6,Juliano Manabu Iyoda
925,6,Kelvin Lopes Dias
929,6,Kyller Costa Gorgônio
945,6,Leandro Carlos de Souza
946,6,Leandro Dias da Silva
948,6,Leandro Krug Wives
950,6,Leandro Melo de Sales
956,6,Leiva Casemiro Oliveira
959,6,Lenardo Chaves e Silva
1001,7,Luciana Salete Buriol
1005,7,Luciano Paschoal Gaspary
1014,7,Lucila Ishitani
1018,7,Luigi Carro
1020,7,Luis Carlos Erpen de Bona
1021,7,Luis Enrique Zárate Gálvez
1022,7,Luis Fabricio Wanderley Goes
1031,7,Luiz Carlos Pessoa Albini
1049,7,Luís Alvaro de Lima Silva
1054,7,Lásaro Jonas Camargos
1060,7,Magnos Martinello
1065,7,Manuel Menezes de Oliveira Neto
1074,7,Marcelo Antonio Marotta
1109,7,Marco Antonio Zanata Alves
1114,7,Marco Cesar Goldbarg
1115,7,Marco Serpa Molinaro
1118,7,Marcos Alexandre Castilho
1123,7,Marcos Didonet Del Fabro
1130,7,Marcos Sfair Sunye
1133,7,Marcus Rolf Peter Ritt
1161,7,Marina Andretta
1173,7,Marjory Cristiany Da Costa Abreu
1174,7,Mark Alan Junho Song
1181,7,Mateus Beck Rutzig
1197,7,Maxwell Eduardo Monteiro
1199,7,Mayron César de Oliveira Moreira
1204,7,Michel dos Santos Soares
1217,7,Monica Magalhães Pereira
1226,7,Márcio Bastos Castro
1229,7,Márcio Eduardo Kreutz
123,7,Andrea Schwertner Charao
1276,7,Paolo Rech
1278,7,Patricia Della Méa Plentz
1283,7,Patrícia Pitthan de Araújo Barcelos
1290,7,Paulo André da Silva Gonçalves
1305,7,Paulo Lício de Geus
1313,7,Paulo Rodolfo da Silva Leite Coelho
132,7,André Figueira Riker
1321,7,Pedro Frosi Rosa
1326,7,Pedro Nuno de Souza Moura
1332,7,Philippe Olivier Alexandre Navaux
1335,7,Priscila América Solís Mendez Barreto
134,7,André Grahl Pereira
1354,7,Rafael Pasquini
137,7,André Luiz Aita
1380,7,Raul Ceretta Nunes
1463,7,Roberto Samarone dos Santos Araújo
1474,7,Rodolfo da Silva Villaca
149,7,André Marcorin de Oliveira
1506,7,Rogério Patrício Chagas do Nascimento
1526,7,Roseclea Duarte Medina
155,7,André Ricardo Abed Grégio
1550,7,Sand Luz Correa
1577,7,Sidney Cunha de Lucena
1610,7,Sérgio Ronaldo Barros dos Santos
1612,7,Sílvia Maria Diniz Monteiro Maia
1618,7,Tales Heimfarth
1651,7,Tiago Coelho Ferreto
1705,7,Vinicius da Cunha Martins Borges
1735,7,Weverton Luis da Costa Cordeiro
1740,7,Wladmir Cardoso Brandão
175,7,Antonio Carlos Schneider Beck Filho
1752,7,Álvaro Freitas Moreira
177,7,Antonio Carlos de Oliveira Júnior
179,7,Antonio Jorge Gomes Abelém
186,7,Areolino de Almeida Neto
224,7,Bruno Lopes Dalmazo
253,7,Carlos Alberto Vieira Campos
260,7,Carlos Eduardo Pereira
272,7,Carlos Raniery Paula dos Santos
293,7,Cesar Augusto Prior
296,7,Cesar Tadeu Pozzer
340,7,Cristiane Neri Nobre
343,7,Cristiano Bonato Both
36,7,Alberto Egon Schaeffer Filho
361,7,Daniel Alfonso Gonçalves de Oliveira
379,7,Daniel Weingaertner
42,7,Aldebaro Barreto da Rocha Klautau Júnior
446,7,Edison Pignaton de Freitas
447,7,Edjair de Souza Mota
463,7,Edson Tavares de Camargo
464,7,Eduardo Adilio Pelinson Alchieri
471,7,Eduardo Cunha de Almeida
476,7,Eduardo Jaques Spinosa
484,7,Eduardo Sany Laber
485,7,Eduardo Simões Lopes Gastal
487,7,Eduardo Todt
499,7,Elias Procópio Duarte Júnior
546,7,Fabiano Silva
550,7,Fabio Luciano Verdi
59,7,Alexandre César Muniz de Oliveira
602,7,Flávio Henrique Teles Vieira
606,7,Flávio Rech Wagner
609,7,Flávio de Oliveira Silva
631,7,Franklina Maria Bragion de Toledo
648,7,Gabriel Luca Nazar
733,7,Henrique Cota de Freitas
776,7,Jacir Luiz Bordim
794,7,Jeferson Campos Nobre
803,7,Joao Baptista dos Santos Martins
813,7,Joberto Sérgio Barbosa Martins
844,7,José Augusto Suruagy Monteiro
850,7,José Ferreira de Rezende
858,7,José Rodrigo Furlanetto de Azambuja
871,7,João Henrique de Souza Pereira
883,7,João Vicente Ferreira Lima
887,7,Juergen Rochol
893,7,Juliano Araujo Wickboldt
912,7,Karin Becker
927,7,Kleber Vieira Cardoso
957,7,Leizer de Lima Pinto
960,7,Leobino Nascimento Sampaio
976,7,Leticia Mara Peres
987,7,Lisandra Manzoni Fontoura
988,7,Lisandro Zambenedetti Granville
995,7,Lucas Mello Schnorr
0,8,Abel Guilhermino da Silva Filho
1012,8,Luciano de Andrade Barbosa
1037,8,Luiz Eduardo Soares de Oliveira
1056,8,Lívia Maria Rodrigues Sampaio Campos
1078,8,Marcelo Eduardo Pellenz
115,8,Andre Gustavo Hochuli
1150,8,Maria da Conceição Moraes Batista
1183,8,Matheus Gaudencio do Rêgo
1186,8,Mauren Louise Sguario Coelho de Andrade
1196,8,Max Mauro Dias Santos
1215,8,Moacyr Cunha Filho
1236,8,Mêuser Jorge Silva Valença
1242,8,Nardênio Almeida Martins
127,8,Andrey Ricardo Pimentel
1275,8,Pablo Vinicius Alves de Barros
1279,8,Patricia Duarte de Lima Machado
128,8,André Britto de Carvalho
1308,8,Paulo Ricardo Lisboa de Almeida
1315,8,Paulo Salgado Gomes de Mattos Neto
135,8,André Koscianski
1409,8,Renato Mariz de Moraes
1415,8,Renato Vimieiro
1417,8,Renê Pereira de Gusmão
142,8,André Luiz Satoshi Kawamoto
1437,8,Ricardo Martins de Abreu Silva
152,8,André Pinz Borges
1572,8,Sergio Luiz Stevan Junior
1578,8,Sidney Marlon Lopes de Lima
159,8,André Vital Saúde
1592,8,Simone Nasser Matos
1600,8,Stefan Michael Blawid
1608,8,Sérgio Murilo Maciel Fernandes
1609,8,Sérgio Ricardo de Melo Queiroz
1614,8,Sílvio de Barros Melo
1625,8,Teresa Bernarda Ludermir
1648,8,Tiago Alessandro Espinola Ferreira
1654,8,Tiago Lima Massoni
1664,8,Tsang Ing Ren
1678,8,Valéria Delisandra Feltrim
1720,8,Wagner Hugo Bonat
1729,8,Wellington Pinheiro dos Santos
1736,8,Wilkerson de Lucena Andrade
1738,8,Wilson Rosa de Oliveira Junior
1743,8,Yandre Maldonado e Gomes da Costa
19,8,Adriano Lorena Inacio de Oliveira
208,8,Beatriz Trinchão Andrade de Carvalho
223,8,Bruno José Torres Fernandes
228,8,Bruno Otavio Piedade Prado
235,8,Byron Leite Dantas Bezerra
254,8,Carlos Alexandre Barros de Mello
271,8,Carlos Nascimento Silla Junior
278,8,Carmelo Jose Albanez Bastos Filho
323,8,Cleber Zanchettin
358,8,Dalton Dario Serey Guerrero
364,8,Daniel Carvalho da Cunha
375,8,Daniel Oliveira Dantas
389,8,Danilo Ricardo Barbosa de Araújo
40,8,Alceu de Souza Britto Jr
415,8,Diego Bertolini Gonçalves
455,8,Edna Natividade da Silva Barros
458,8,Edson Emílio Scalabrin
478,8,Eduardo Kugler Viegas
482,8,Eduardo Oliveira Freire
497,8,Eliane Cristina de Araujo
512,8,Emerson Alexandre de Oliveira Lima
513,8,Emerson Cabrera Paraiso
522,8,Erick de Andrade Barboza
526,8,Erikson Freitas de Morais
538,8,Everton Leandro Galdino Alves
560,8,Fabrício Enembreck
579,8,Fernando Buarque de Lima Neto
583,8,Fernando Maciano de Paula Neto
6,8,Adenilton José da Silva
61,8,Alexandre Magno Andrade Maciel
623,8,Francisco de Assis Tenorio de Carvalho
628,8,Franklin César Flores
630,8,Franklin de Souza Ramalho
654,8,George Darmiton da Cunha Cavalcanti
656,8,George Marconi de Araújo Lima
667,8,Germano Crispim Vasconcelos
674,8,Gilton José Ferreira da Silva
688,8,Gleifer Vaz Alves
717,8,Hansenclever de França Bassani
729,8,Helyane Bronoski Borges
731,8,Hendrik Teixeira Macedo
743,8,Hugo Valadares Siqueira
759,8,Ionildo José Sanches
79,8,Altair Olivo Santin
792,8,Jean Paul Barddal
82,8,Aluizio Fausto Ribeiro Araújo
821,8,Jorge Cesar Abrantes de Figueiredo
861,8,João Arthur Brunet Monteiro
869,8,João Fausto Lorenzato de Oliveira
889,8,Jugurta Rosa Montalvao Filho
896,8,Julio Cesar Nievola
909,8,Kalil Araujo Bispo
949,8,Leandro Maciel Almeida
954,8,Leila Maciel de Almeida e Silva
969,8,Leonardo Nogueira Matos
1055,9,Lídio Mauro Lima de Campos
1102,9,Marcial Porto Fernandez
1103,9,Marcio Espíndola Freire Maia
1136,9,Maria Andréia Formico Rodrigues
1158,9,Mariela Inés Cortés
1185,9,Matheus Henrique Esteves Paixão
1192,9,Mauro Roisenberg
1208,9,Miguel Franklin de Castro
1238,9,Nabor das Chagas Mendonça
124,9,Andreia Libório Sampaio
1291,9,Paulo Antonio Leal Rego
1293,9,Paulo Armando Cavalcante Aguilar
1299,9,Paulo Henrique Mendes Maia
1320,9,Paulyne Matthews Jucá
1328,9,Pedro Pedrosa Rebouças Filho
1329,9,Pedro de Alcantara dos Santos Neto
1388,9,Regis Pires Magalhães
1390,9,Reinaldo Bezerra Braga
1529,9,Rossana Maria de Castro Andrade
1534,9,Rubens Fernandes Nunes
1563,9,Saulo Anderson Freitas de Oliveira
163,9,Angelo Roncalli Alencar Brayner
1650,9,Tiago Brasileiro Araújo
1653,9,Tiago Garcia de Senna Carneiro
1661,9,Ticiana Linhares Coelho da Silva
1679,9,Valéria Lelli Leitão Dantas
1687,9,Vania Maria Ponte Vidal
1739,9,Windson Viana de Carvalho
1747,9,Yuri Lenon Barbosa Nogueira
182,9,Antonio Mauro Barbosa de Oliveira
183,9,Antonio Wendell de Oliveira Rodrigues
194,9,Arthur de Castro Callado
197,9,Atslands Rego da Rocha
241,9,Carina Teixeira de Oliveira
243,9,Carla Ilane Moreira Bezerra
26,9,Ajalmar Rêgo da Rocha Neto
262,9,Carlos Eduardo Santos Pires
269,9,Carlos Maurício Jaborandy de Mattos Dourado Júnior
304,9,Cidcley Teixeira de Souza
318,9,Claudio Marques de Sá Medeiros
335,9,Corneli Gomes Furtado Júnior
337,9,Creto Augusto Vidal
349,9,Criston Pereira de Souza
355,9,César Lincoln Cavalcante Mattos
39,9,Alberto Sampaio Lima
393,9,Davi Romero de Vasconcelos
426,9,Dimas Cassimiro do Nascimento Filho
501,9,Elias Teodoro da Silva Júnior
507,9,Elvis Miguel Galeas Stancanelli
508,9,Emanuel Bezerra Rodrigues
509,9,Emanuel Ferreira Coutinho
511,9,Emanuele Marques Rodrigues Santos
578,9,Fernando Antonio Mota Trinta
607,9,Flávio Rubens de Carvalho Sousa
612,9,Francisco Carlos de Mattos Brito Oliveira
616,9,Francisco Heron de Carvalho Junior
621,9,Francisco Nivando Bezerra
646,9,Gabriel Antoine Louis Paillard
660,9,Geraldo Luis Bezerra Ramalho
665,9,Gerardo Valdisio Rodrigues Viana
703,9,Gustavo Augusto Lima de Campos
758,9,Ingrid Teixeira Monteiro
766,9,Ismayle de Sousa Santos
787,9,Javam de Castro Machado
799,9,Jerffeson Teixeira de Souza
810,9,Joaquim Bento Cavalcante Neto
831,9,Jose Neuman de Souza
84,9,Amauri Holanda de Souza Júnior
840,9,José Antonio Fernandes de Macêdo
841,9,José Antão Beltrão Moura
845,9,José Daniel de Alencar Santos
848,9,José Everardo Bessa Maia
855,9,José Maria da Silva Monteiro Filho
86,9,Americo Tadeu Falcone Sampaio
864,9,João Bosco Ferreira Filho
877,9,João Paulo Pordeus Gomes
880,9,João Paulo do Vale Madeiro
892,9,Juliana Oliveira de Carvalho
94,9,Ana Luiza Bessa de Paula Barros
944,9,Leandro Balby Marinho
971,9,Leonardo Sampaio Rocha
985,9,Lincoln Souza Rocha
10,10,Admilson de Ribamar Lima Ribeiro
1003,10,Luciana de Oliveira Rech
1027,10,Luiz André Portes Paes Leme
1107,10,Marco Antonio Casanova
1129,10,Marcos Roberto da Silva Borges
1148,10,Maria Luiza Machado Campos
1157,10,Mariano Pimentel
1163,10,Mario Antonio Ribeiro Dantas
1176,10,Marlo Vieira dos Santos e Souza
1201,10,Melise Maria Veiga de Paula
1237,10,Mônica Ferreira da Silva
1285,10,Patrícia Vilain
13,10,Adriana Santarosa Vivacqua
1318,10,Paulo Victor Rodrigues de Carvalho
1367,10,Raimundo José de Araújo Macêdo
1384,10,Regina Maria Maciel Braga
1397,10,Renata Mendes de Araujo
1401,10,Renata Wassermann
1402,10,Renata de Matos Galante
1407,10,Renato Fileto
1430,10,Ricardo Felipe Custodio
1451,10,Rita Suzana Pitangueira Maciel
1467,10,Roberto Willrich
1518,10,Ronaldo dos Santos Mello
1541,10,Ruy José Guerra Barretto de Queiroz
1565,10,Sean Wolfgand Matsui Siqueira
1573,10,Sergio Manuel Serra da Cruz
1582,10,Silvia Modesto Nassar
1606,10,Sérgio Gorender
1607,10,Sérgio Martins Fernandes
1617,10,Tadeu Moreira de Classe
167,10,Anjolina Grisi de Oliveira
1686,10,Vania Bogorny
1696,10,Victor Ströele de Andrade Menezes
181,10,Antonio Luz Furtado
196,10,Artur Henrique Kronbauer
210,10,Bernardo Pereira Nunes
220,10,Bruno Feijo
239,10,Carina Friedrich Dorneles
246,10,Carla Merkle Westphall
257,10,Carlos Becker Westphall
261,10,Carlos Eduardo Ribeiro de Mello
287,10,Celso Alberto Saibel Santos
298,10,Christiane Anneliese Gresse von Wangenheim
308,10,Claudia Lage Rebello da Motta
378,10,Daniel Serrão Schneider
383,10,Daniela Barreiro Claro
43,10,Aldo von Wangenheim
431,10,Douglas Dyllon Jeronimo de Macedo
437,10,Débora Abdalla Santos
441,10,Eber Assis Schmitz
442,10,Ecivaldo de Souza Matos
467,10,Eduardo Barrere
489,10,Edward David Moreno
574,10,Fernanda Claudia Alves Campos
625,10,Frank Augusto Siqueira
657,10,Geraldo Bonorino Xexéo
664,10,Geraldo Zimbrao da Silva
681,10,Giseli Rabello Lopes
687,10,Glauco de Figueiredo Carneiro
74,10,Aline Maria Santos Andrade
782,10,Jairo Francisco de Souza
785,10,Jano Moreira de Souza
789,10,Jean Carlo Rossa Hauck
791,10,Jean Everson Martina
818,10,Jonice de Oliveira Sampaio
819,10,Jorge Alberto Prado de Campos
830,10,Jose Maria Nazar David
832,10,Jose Orlando Gomes
852,10,José Gonçalves Pereira Filho
90,10,Ana Cristina Bicharra Garcia
921,10,Kelli de Faria Cordeiro
940,10,Laís do Nascimento Salvador
97,10,Ana Patrícia Fontes Magalhães Mascarenhas
1010,11,Luciano Volcan Agostini
1016,11,Lucio Mauro Duarte
1034,11,Luiz Cláudio Villar dos Santos
1091,11,Marcelo Schiavon Porto
1092,11,Marcelo Serrano Zanetti
1160,11,Marilton Sanchotene de Aguiar
117,11,Andre Inacio Reis
1182,11,Mateus Grellert da Silva
1250,11,Nelson Lopes Duarte Filho
1254,11,Ney Laert Vilar Calazans
1263,11,Odorico Machado Mendizabal
1274,11,Otávio Alcântara de Lima Júnior
1297,11,Paulo Francisco Butzen
1304,11,Paulo Lilles Jorge Drews Junior
1309,11,Paulo Roberto Ferreira Júnior
1350,11,Rafael Iankowski Soares
1382,11,Regina Barwaldt
1389,11,Regivan Hugo Nunes Santiago
1394,11,Renata Hax Sander Reiser
1412,11,Renato Perez Ribas
1423,11,Ricardo Augusto da Luz Reis
1439,11,Ricardo Matsumura de Araújo
1476,11,Rodrigo Andrade de Bem
1488,11,Rodrigo Geraldo Ribeiro
1496,11,Rodrigo Zelir Azzolin
1522,11,Rosa Maria Vicari
153,11,André Rauber Du Bois
1569,11,Sergio Bampi
1584,11,Silvia Silva da Costa Botelho
1587,11,Simone André da Costa Cavalheiro
1620,11,Tatiana Aires Tavares
1659,11,Tiago Thompsen Primo
1667,11,Umberto Rivieccio
1709,11,Vinícius Menezes de Oliveira
1754,11,Érika Fernandes Cota
21,11,Adriano Velasque Werhli
233,11,Bruno Zatt
316,11,Claudio Fernando Resin Geyer
339,11,Cristian Cechinel
348,11,Cristina Meinhardt
354,11,César Augusto Missio Marcon
374,11,Daniel Munari Vilchez Palomino
380,11,Daniel Welfer
4,11,Adenauer Correa Yamin
412,11,Diana Francisca Adamatti
444,11,Eder Mateus Nunes Gonçalves
473,11,Eduardo Fontoura Costa
481,11,Eduardo Nunes Borges
510,11,Emanuel da Silva Diaz Estrada
537,11,Everton Alceu Carara
545,11,Fabiano Passuelo Hessel
573,11,Felipe de Souza Marques
580,11,Fernando Gehm Moraes
582,11,Fernando Luís Dotti
668,11,Gerson Geraldo Homrich Cavalheiro
691,11,Graçaliz Pereira Dimuro
700,11,Guilherme Ribeiro Corrêa
748,11,Hélida Salles Santos
854,11,José Luís Almada Güntzel
907,11,Júlio Carlos Balzano de Mattos
914,11,Karina dos Santos Machado
955,11,Leila Ribeiro
96,11,Ana Marilza Pernas Fleischmann
961,11,Leomar Soares da Rosa Junior
970,11,Leonardo Ramos Emmendorfer
989,11,Lisane Brisolara de Brisolara
999,11,Luciana Foss
1004,12,Luciano Antonio Digiampietri
1015,12,Lucinéia Heloisa Thom
102,12,Anarosa Alves Franco Brandão
1026,12,Luis Mariano del Val Cura
1062,12,Manoel Eusebio de Lima
1072,12,Marcelle Pereira Mota
1079,12,Marcelo Fantinato
111,12,Anderson Rodrigues dos Santos
1149,12,Maria Viviane de Menezes
1153,12,Maria do Carmo Nicoletti
1240,12,Nandamudi Lankalapalli Vijaykumar
1248,12,Nelson Cruz Sampaio Neto
1259,12,Norton Trevisan Roman
1273,12,Osvaldo Luiz de Oliveira
1284,12,Patrícia Rufino Oliveira
1385,12,Reginaldo Cordeiro dos Santos Filho
147,12,André Luís Vasconcelos Coelho
1509,12,Rommel Thiago Juca Ramos
1520,12,Ronnie Cley de Oliveira Alves
1559,12,Sarajane Marques Peres
1672,12,Valdinei Freire da Silva
1699,12,Vinicius Augusto Carvalho de Abreu
1717,12,Vladimir Emiliano Moreira Rocha
176,12,Antonio Carlos Sementille
211,12,Bianchi Serique Meiguins
263,12,Carlos Gustavo Resque dos Santos
267,12,Carlos Hitoshi Morimoto
273,12,Carlos Renato Lisboa Francês
321,12,Claudomiro de Souza de Sales Junior
327,12,Clodoaldo Aparecido de Moraes Lima
405,12,Denis Deratani Mauá
505,12,Eloi Luiz Favero
514,12,Emerson Carlos Pedrino
593,12,Filipe de Oliveira Saraiva
604,12,Flávio Luiz Coutinho
626,12,Frank Helbert Borsato
728,12,Helton Hideraldo Bíscaro
772,12,Ivandre Paraboni
781,12,Jaime Simão Sichman
796,12,Jefferson Magalhães de Morais
802,12,Jesús Pascual Mena Chalco
805,12,Joao Crisóstomo Weyl Albuquerque Costa
828,12,Jose Hiroki Saito
913,12,Karina Valdivia Delgado
918,12,Kathia Maria Honorio
95,12,Ana Maria Monteiro
958,12,Leliane Nunes de Barros
978,12,Leônidas de Oliveira Brandão
1084,13,Marcelo Gattass
1144,13,Maria Elizabeth Sucupira Furtado
121,13,Andre Macedo Santana
1241,13,Napoleão Vieira Nepomuceno
1268,13,Omar Andres Carmona Cortes
130,13,André Castelo Branco Soares
1334,13,Plácido Rogerio Pinheiro
1365,13,Raimir Holanda Filho
1368,13,Raimundo Santos Moura
1422,13,Ricardo Augusto Souza Fernandes
1446,13,Ricardo de Andrade Lira Rabêlo
1498,13,Rodrigo de Melo Souza Veras
1510,13,Romuere Rodrigues Veloso e Silva
16,13,Adriano Bessa Albuquerque
1619,13,Tarcisio Haroldo Cavalcante Pequeno
169,13,Anselmo Cardoso de Paiva
1702,13,Vinicius Ponte Machado
1718,13,Vládia Célia Monteiro Pinheiro
190,13,Aristófanes Corrêa Silva
276,13,Carlos de Oliveira Caminha Neto
330,13,Cláudio Elízio Calazans Campelo
333,13,Cláudio de Souza Baptista
368,13,Daniel Lima Gomes Júnior
387,13,Danilo Hernane Spatti
428,13,Divanilson Rodrigo de Sousa Campelo
524,13,Erico Meneses Leão
528,13,Erneson Alves de Oliveira
658,13,Geraldo Braz Júnior
770,13,Ivan Saraiva Silva
807,13,Joao Jose Vasco Peixoto Furtado
834,13,Jose Valdemir dos Reis Junior
862,13,João Batista Furlan Duarte
867,13,João Dallyson Sousa de Almeida
917,13,Karla Vittori
923,13,Kelson Romulo Teixeira Aires
938,13,Laurindo de Sousa Britto Neto
1230,14,Márcio Lopes Cornélio
1253,14,Nelson Souto Rosa
1280,14,Patricia Takako Endo
1314,14,Paulo Romero Martins Maciel
1419,14,Ricardo André Cavalcante de Souza
1438,14,Ricardo Massa Ferreira Lima
1452,14,Rivalino Matias Júnior
146,14,André Luís Schwerz
1493,14,Rodrigo Rocha Gomes e Souza
1513,14,Ronaldo Cristiano Prati
1535,14,Rubens de Souza Matos Júnior
1615,14,Sóstenes Luiz Soares Lins
1698,14,Victor Wanderley Costa de Medeiros
219,14,Bruno Costa e Silva Nogueira
250,14,Carlos Alberto Kamienski
356,14,Cícero Garrozi
429,14,Djamel Fawzi Hadj Sadok
466,14,Eduardo Antonio Guimaraes Tavares
521,14,Erica Teixeira Gomes de Sousa
527,14,Ermeson Carneiro de Andrade
577,14,Fernando Antonio Aires Lins
610,14,Francisco Airton Pereira da Silva
645,14,Gabriel Alves de Albuquerque Júnior
685,14,Glauco Estácio Gonçalves
713,14,Gustavo Rau de Almeida Callou
783,14,Jamilson Ramalho Dantas
790,14,Jean Carlos Teixeira de Araujo
868,14,João Eduardo Ferreira
886,14,Judith Kelner
1052,15,Luís da Cunha Lamb
1193,15,Maurício Aronne Pillon
1207,15,Michelle Silva Wangham
1227,15,Márcio Dorn
1357,15,Rafael Rodrigues Obelheiro
1360,15,Rafael Stubs Parpinelli
1363,15,Rafael de Santiago
1366,15,Raimundo Celeste Ghizoni Teive
1424,15,Ricardo Azambuja Silveira
144,15,André Luís Alice Raabe
1537,15,Rudimar Luís Scaranto Dazzi
166,15,Anita Maria da Rocha Fernandes
1731,15,Wemerson Delcio Parreira
18,15,Adriano Fiorese
251,15,Carlos Alberto Maziero
291,15,Cesar Albenes Zeferino
297,15,Charles Christian Miers
433,15,Douglas Rossi de Melo
46,15,Alejandro Rafael Garcia Ramirez
540,15,Fabiane Barreto Vavassori Benitti
543,15,Fabiano Baldo
699,15,Guilherme Piêgas Koslovski
784,15,Janine Kniess
83,15,Aluizio Haendchen Filho
930,15,Laio Oriel Seman
1041,16,Luiz Gonzaga da Silveira Junior
1101,16,Marcia Pasin
1156,16,Mariana Recamonde Mendoza
1190,16,Mauricio Roberto Veronez
1351,16,Rafael Kunst
139,16,André Luiz Brun
1473,16,Rodolfo Stoffel Antunes
1497,16,Rodrigo da Rosa Righi
1505,16,Rogério Luís Rizzi
1555,16,Sandro José Rigo
1662,16,Toacy Cavalcante de Oliveira
1694,16,Victor Francisco Araya Santander
2,16,Adair Santa Catarina
307,16,Claudia Brandelero Rizzi
341,16,Cristiano André da Costa
650,16,Gabriel de Oliveira Ramos
695,16,Guilherme Galante
775,16,Ivonei Freitas da Silva
823,16,Jorge Luis Victória Barbosa
928,16,Kleinner Silva Farias de Oliveira
93,16,Ana Lucia Cetertich Bazzan
1141,17,Maria Claudia Silva Boeres
1642,17,Thiago Oliveira dos Santos
1646,17,Thomas Walter Rauber
289,17,Celso José Munaro
37,17,Alberto Ferreira De Souza
596,17,Flavio Miguel Varejao
760,17,Isaac Pinheiro dos Santos
996,17,Lucia Catabriga
1312,18,Paulo Roberto Oliveira
1316,18,Paulo Sergio Marques dos Santos
809,18,Joao Xavier da Cruz Neto
866,18,João Carlos de Oliveira Souza
1399,19,Renata Spolon Lobato
1454,19,Roberta Spolon
45,19,Aleardo Manacero Junior
1395,20,Renata Lopes Rosa
403,20,Demostenes Zegarra Rodriguez
1500,21,Roger Fredy Larico Chavez
87,21,Ana Beatriz Alvarez Mamani
1519,22,Ronei Marcos de Moraes
983,22,Liliane dos Santos Machado
199,23,Augusto Foronda
990,23,Lourival Aparecido de Góis
